[
  {
    "image": "/img/home/about-bg.jpg",
    "category": "Door Systems",
    "canonical": "https://www.bestechparts.ae/blog/most-common-elevator-electrical-mechanical-spare-parts-in-uae",
    "title": "Most Common Elevator Electrical & Mechanical Spare Parts in UAE",
    "meta_title": "Elevator Electrical & Mechanical Spare Parts Supplier UAE",
    "description": "Find top elevator electrical & mechanical spare parts in UAE. Trusted lift spare parts supplier for safe performance.",
    "keywords": "Elevator electrical spare parts supplier in UAE, Best elevator mechanical spare parts supplier, Lift spare parts supplier",
    "link": "most-common-elevator-electrical-mechanical-spare-parts-in-uae",
    "author": "Bestechparts",
    "date": "12/10/2025",
    "paragraph": [
      "Elevators in the UAE's tall buildings operate continuously that creates a constant demand for spare parts to maintain safe and smooth function. Choosing a dependable <a href='https://www.bestechparts.ae/about'  target='_blank'> lift spare parts supplier</a> like <strong> Bestech Parts </strong> ensures your elevators stay safe and operate without interruption. Electrical and mechanical spare parts are the backbone of every lift by directly providing safety and performance.",
      "Electrical components such as contactors and circuit breakers need replacement frequently while mechanical parts like door locks and ropes require regular maintenance. It is crucial for facility managers and building owners to understand these to act appropriate. Selecting the right supplier in the UAE guarantees continued safety and regulatory compliance for all elevator systems.</br></br>",
      "<strong>Why Electrical & Mechanical Spare Parts Matter in Elevators<strong>",
      "Elevator safety and a long working life rely on good spare parts. Worn mechanical parts may slow doors and cause shaky rides or even stop operation. Having easy access to the right parts saves time, prevents downtime and helps meet inspection needs for building teams in the UAE. Check out the <a href='https://www.bestechparts.ae/products/electrical'  target='_blank'> elevator electrical spare parts suppliers in UAE</a> if you are looking for an trustworthy resource for the correct parts.</br></br>",
      "<strong>Key Electrical Spare Parts</strong>",
      "<ul> <li>• Contactor manages the flow of electricity in the elevator and helps it start and stop smoothly.</li> <li>• Circuit breakers protect the elevator from overloads and prevent damage.</li> <li>• Switches and control units manage elevator movement and safety checks.</li> </ul>",
      "</br><strong>Key Mechanical Spare Parts</strong>",
      "<ul> <li>• Door locks keep doors secure during travel and prevent accidents.</li> <li>• Wheels and rollers guarantee smooth and quiet door movement.</li> <li>• Ropes and cables support the lift’s movement and carry weight safely.</li> </ul>",
      "</br><strong>Benefits of Maintaining Spare Parts</strong>",
      "<ul> <li>• Minimises unplanned malfunctions and downtime.</li> <li>• Improves passenger safety and comfort.</li> <li>• Helps comply with UAE inspection and safety regulations.</li> <li>• Extends the working life of the elevator system.</li> </ul></br>",
      "<strong>Common Electrical Spare Parts for Elevators in UAE</strong",
      "<strong>Elevator Contactors</strong>",
      "These are the switches that handle the power going to elevator motors. They switch on and off fast that helps the lift to move smoothly. They get worse or get stuck over time, which can cause the elevator to stop between levels. Need a spare? Contact the <a href='https://www.bestechparts.ae/products/contactors'  target='_blank'><strong>best elevator contactors suppliers in UAE.</strong></a>",
      "</br><strong>Circuit Breakers</strong>",
      "These protect your elevator from electrical overload or short circuits. They trip and safely stop the current when something goes wrong. If one fails, the lift can continue to consume electricity and run the risk of being damaged. Replacing them is simple but must be handled fast. If you want to learn more visit our <a href='https://www.bestechparts.ae/products/circuit-breakers'  target='_blank'><strong> circuit breakers page.<strong></br> </a>",
      "</br><strong>Switches & Control Units</strong>",
      "<a href='https://www.bestechparts.ae/products/switches'  target='_blank'><strong>Switches and control units</strong></a> help to direct the elevator movement and respond to safety checks. When they fail, you might face doors that do not open or the lift stopping at the wrong floor. Keeping backups on hand helps avoid long waits and ensures smooth operation </br>.",
      "<strong>Common Mechanical Spare Parts for Elevators in UAE</strong>",
      "</br><strong>1. Door Locks & Accessories</strong>",
      "Strong door locks keep passengers safe by making sure the doors stay closed during travel. If they wear out, doors may open at the wrong time which creates a serious safety risk. Using quality replacement locks keeps the elevator safe and smooth in daily use.",
      "<br> Find the <a href='https://www.bestechparts.ae/products/door-locks' target='_blank'> best elevator mechanical spare parts supplier </strong></a>in UAE to get lasting protection.",
      "</br><strong>2. Elevator Door Wheels & Belts</strong>",
      "<a href='https://www.bestechparts.ae/products/door-wheels?utm_source=chatgpt.com'  target='_blank'>Door wheels</strong></a> and belts guide the doors as they open and close. The doors may become noisy or stop moving properly when these parts wear out or break. Replacing them with new parts restores quiet and safe door movement.",
      "</br><strong>3. Elevator Cables & Wire Ropes</strong>",
      "<a href='https://www.bestechparts.ae/products/cables-and-wires'  target='_blank'><strong>Cables and ropes</strong></a>handle the elevator cabin’s weight by guiding it safely up and down. Over time, they wear or fray. That puts safety and functioning at risk. Regular checks and fresh replacements ensure reliability.",
      "</br><strong>Choosing the Right Spare Parts Supplier in UAE</strong>",
      "Choosing a trusted supplier matters because you want safe parts that fit right and arrive quickly. A reliable spare parts source in UAE understands inspection laws and offers fast delivery, especially if you are in Dubai or Sharjah.",
      "</br>For great help and real parts, connect with the <a href='https://www.bestechparts.ae/'  target='_blank'><strong> elevator electrical spare parts suppliers in UAE.<strong></a>",
      "</br><strong>Benefits of choosing a trusted supplier</strong>",
      "<li>• Genuine and safe products that protect passenger safety</li>",
      "<li>• Fast delivery that reduces downtime and service delays</li>",
      "<li>• Correct fitting parts for smooth elevator operation</li>",
      "<li>• Knowledge of UAE safety and inspection laws</li>",
      "<li>• Support for both electrical and mechanical spare parts</li>",
      "</br><strong>Final Thoughts</strong>",
      "Electrical and mechanical parts play a vital role to keep elevators running safely in the UAE’s busy buildings. <strong>Contactors</strong> and <strong>circuit breakers</strong> will handle power and control, while <strong>door locks</strong> and <strong>ropes</strong> keep secure and smooth movement. Downtime is reduced and elevators remain safe for daily use when quality parts come from a trusted supplier. Contact <strong>Bestech</strong> for quick service and the right solutions for trustable spare parts.",
      "</br><strong>FAQ</strong>",
      "<strong>When should parts for elevators be replaced?</strong>",
      "Electrical parts like switches and breakers should be checked every 6 - 12 months. Mechanical parts such as door wheels and ropes may need replacing every few years which depends on usage.",
      "<strong>Can I buy parts directly from Bestech if I’m not in Dubai?</strong>",
      "Yes! Bestech ships across the UAE, including Sharjah and neighboring emirates. Just contact us for shipping details.",
      "<strong>Are the parts from Bestech inspected?</strong>",
      "Yes. We only sell parts that meet UAE safety rules and quality checks. Every item is checked carefully before shipping.",
      "<strong>What happens if I order the wrong part?</strong>",
      "Don’t worry! If the part is wrong, we’ll guide you for an exchange or refund quickly. Just contact our support team."
    ]
  },
  {
    "image": "/img/home/blog-2.jpg",
    "canonical": "https://www.bestechparts.ae/blog/top-elevator-spare-parts-suppliers-in-dubai-how-to-choose-the-right-one",
    "category": "door-systems",
    "title": "Top Elevator Spare Parts Suppliers in Dubai: How to Choose the Right One",
    "meta_title": "Top Elevator Spare Parts Supplier in Dubai | UAE Lift Parts",
    "description": "Find trusted elevator spare parts dealers in Dubai, UAE. Quality lift parts for safe, smooth, and reliable performance.",
    "keywords": "Elevator spare parts supplier in Dubai, UAE Lift parts supplier in Dubai, Elevator spare parts dealers UAE",
    "link": "top-elevator-spare-parts-suppliers-in-dubai-how-to-choose-the-right-one",
    "author": "Bestechparts",
    "date": "12/10/2025",
    "paragraph": [
      "Finding the <strong><a href='https://www.bestechparts.ae/'  target='_blank'>best elevator spare parts supplier in Dubai</a></strong> is necessary to maintain the efficient operation of elevators in the city because a small problem with a lift component can cause a lot of inconvenience.</br></br>",
      "There are a lot of residential complexes and tall buildings in Dubai that rely on elevators for everyday operations. But not every supplier can offer the quality and service you need. Getting the greatest one requires evaluating quality and understanding the market in order to find the best supplier.</br></br>",
      "<strong>Why Choosing the Right Parts Makes a Difference </strong>",
      "Using the wrong elevator parts can cause problems quickly. A trusted <strong> UAE lift parts supplier in Dubai</strong> makes sure that the components are safe and reliable. Here is why quality matters: </br></br>",
      "<ul>\n  <li>Quality elevator parts reduce the chances of sudden breakdowns.</li>\n  <li>They help lower repair costs because the components last longer.</li>\n  <li>Reliable rollers, control keys, and display panels keep elevators working smoothly.</li>\n  <li>Safe parts meet proper standards and protect both passengers and equipment.</li>\n</ul>\n </br>",
      "<strong>Things to Look for When Selecting a Trustable Supplier</strong>",
      "<strong>1. Range of Products</strong></br>  A good supplier should have a wide range of options. From emergency keys to replacement boards, you need a partner who can provide every part your elevator might need. Check if they are among the top elevator spare parts dealers UAE, offering both standard and brand-specific components.",
      "<strong>2. Availability and Delivery Speed</strong></br>  Downtime in elevators can be costly. Fast delivery and ready stock are crucial. Choose a supplier who can deliver parts quickly within Dubai and other Emirates and who makes sure there is minimal disruption.",
      "<strong>3. Experience and Reputation</strong></br> A supplier with years of experience understands common lift issues and knows which parts are in demand. Check performance by looking at case studies and reviews. A <strong>trusted elevator spare parts supplier in Dubai</strong> will have a proven record of meeting client expectations.",
      "<strong>4. Customer Support</strong></br>Technical support matters. Suppliers who can guide you on installation, maintenance, and problems add extra value. The best <strong>UAE lift parts supplier in Dubai</strong> will have a responsive team ready to answer queries.",
      "<strong>5. Pricing and Warranty</strong></br> Fair pricing and <strong>warranty coverage</strong> are important while cost should not be the only factor. Compare sellers to make sure that you are receiving a good bargain without sacrificing quality.</br></br>",
      "<strong>Top Elevator Spare Parts Dealers in the UAE</strong>",
      "Some suppliers stand out for their <strong>product range and service</strong>. Look for those who specialise in elevators and have a strong presence in Dubai for commercial and residential needs. A reputed <strong>elevator spare parts dealer UAE</strong> often carries parts from multiple brands, ensuring compatibility and quality.</br></br>",
      "<strong>How Bestech Parts Stands Out</strong>",
      "One of the leading names in Dubai’s elevator market is <strong>Bestech Parts</strong>. Known for its broad inventory and experienced team, they offer everything from control keys to emergency replacements. Partnering with a supplier like Bestech makes sure that your lifts remain safe and efficient.</br></br>",
      "<strong>Tips for Preserving Prolonged Supplier Partnerships</strong>",
      "<ol>\n  <li>1. Keep regular communication to stay updated on new parts and updates.</li>\n  <li>2. Place orders in advance for parts you frequently need.</li>\n  <li>3. Check for opportunities for large orders or seasonal savings.</li>\n  <li>4. Build trust through consistent transactions and timely payments.</li>\n</ol>",
      "<strong>Conclusion</strong>",
      "Finding the right supplier  is important to keep your elevators safe and working without problems. Working with trusted <strong> elevator spare parts dealers UAE</strong> helps reduce breakdowns and makes repairs easier. If you want complete lift solutions, the <a href='https://www.fujivertex.com/' target='_blank'><strong> best elevator company in Dubai, UAE</strong> </a> offers new lifts, maintenance, and expert support so your elevators stay reliable every day.",
      "</br><strong> Related Services You Might Like:</strong",
      "<a href='https://www.bestechparts.ae/products/electrical'  target='_blank'><strong>Explore Our Electrical Products</strong></a>",
      "<a href='https://www.bestechparts.ae/products/switches'  target='_blank'><strong>High-Quality Switches for Every Need</strong></a>",
      "<a href='https://www.bestechparts.ae/products/mechanical'  target='_blank'><strong>Top-Quality Mechanical Parts Available</strong></a>"
    ]
  },
  {
    "image": "/img/home/blog-3.jpg",
    "category": "",
    "title": "Elevator Safety Essentials: Door Locks, Wheels & Cables in Dubai & Sharjah",
    "canonical": "https://www.bestechparts.ae/blog/elevator-safety-essentials-door-locks-wheels-cables-in-dubai-sharjah",
    "meta_title": " Elevator Spare Parts Dealers UAE | Safety & Reliability",
    "description": "Find trusted elevator door locks, wheels, and wire ropes from top suppliers in Dubai, Sharjah, and across the UAE.",
    "keywords": "Elevator spare parts dealers UAE, Best elevator door locks suppliers UAE, Elevator wire rope supplier Sharjah, Elevator door wheels in Dubai",
    "link": "elevator-safety-essentials-door-locks-wheels-cables-in-dubai-sharjah",
    "author": "Bestechparts",
    "date": "12/10/2025",
    "paragraph": [
      "Every day, majority of people in Dubai and Sharjah use elevators without thinking twice. But there are small yet vital parts working together to keep passengers safe behind every smooth ride. From the moment the doors close to when the cabin stops at the right floor, door locks, door wheels, and wire ropes play a critical role. Choosing the right elevator spare parts dealers in the UAE ensures these parts work reliably and prevents accidents before they happen.",
      "</br><strong>Door Locks: The First Line of Safety</strong>",
      "The elevator door lock is a simple part, but it prevents serious accidents. If a lock fails, the door could open at the wrong time.",
      "</br><li>• Always use parts from trusted best elevator door locks suppliers UAE.</li>",
      " <li>• Locks guarantee that the elevator does not move unless doors are fully closed.</li>",
      "<li>• Regular checks help to identify wear and tear before it becomes dangerous.",
      " Door locks are small but critical. Quality parts mean fewer problems and safer rides.",
      "</br><strong>Door Wheels: Smooth and Reliable</strong>",
      "The door wheels carry the door’s weight and allow it to slide silently. Damaged wheels can cause the door to slow down or even damage the system.",
      "<li>• Look for <strong>elevator door wheels in Dubai</strong> that are strong and durable.</li>",
      "<li>• Smooth wheels prevent jerks and make the elevator experience comfortable.</li>",
      "<li>• Regular maintenance keeps the doors running without noise or interruptions.",
      " Good wheels save time, prevent repairs, and keep passengers safe.",
      "</br><strong>Cables: The Backbone of Every Elevator</strong>",
      "The wire ropes lift and lower the elevator. They carry passengers and sometimes heavy goods. Using trusted suppliers is essential because a cable failure is a serious risk.",
      " <li>• Select a trustworthy provider for <strong>elevator wire rope supplier Sharjah</strong>.",
      " <li>• Make sure the wires meet safety standards and can sustain daily loads.",
      "<li>• Remove damaged ropes to prevent accidents.</li>",
      " Selecting the right supplier is a must because cables are the essential part of the elevator system.",
      "</br><strong>Regular Maintenance Is Key</strong>",
      "Even with the best parts, elevators need routine checks:",
      " <li>• Check door locks for secure operation.</li>",
      "<li>• Check the smoothness of the door wheels.</li>",
      "<li>• Check wire ropes for breaking or damage. </li>",
      "Using reputable <strong>elevator spare parts dealers UAE</strong> ensures replacement parts are genuine and available quickly. This reduces downtime and keeps elevators safe for everyone.",
      "</br><strong>How to Select the Best Provider</strong>",
      "Safety depends on the quality of parts. Look for suppliers who:",
      " <li>• Provide parts that meet safety standards.</li>",
      "<li>• Offer parts that adhere to safety regulations.</li>",
      "<li>• Supply spares immediately if possible.</li>",
      " Whether it is the <strong>best elevator door lock</strong> or <strong>elevator wire rope</strong>, selecting trusted sources guarantees smooth and safe operation.",
      "</br><strong>Conclusion</strong",
      "Elevator safety depends on parts you rarely see but always rely on. Working with reputable elevator spare parts dealers in UAE guarantees that your elevators operate dependably and that all issues are resolved before they become major ones. Investing in the right parts makes sure every ride tomorrow is safe and smooth."
    ]
  }
]
