[
    {
        "id": 1,
        "imageUrl": "/img/project/project-v3-img1.jpg",
        "category": "Logistic",
        "title": "Road Freight Solution",
        "link": "project-details"
    },
    {
        "id": 2,
        "imageUrl": "/img/project/project-v3-img2.jpg",
        "category": "Logistic",
        "title": "Another Road Freight Solution",
        "link": "project-details"
    },
    {
        "id": 3,
        "imageUrl": "/img/project/project-v3-img3.jpg",
        "category": "Logistic",
        "title": "Yet Another Road Freight Solution",
        "link": "project-details"
    },
    {
        "id": 4,
        "imageUrl": "/img/project/project-v3-img4.jpg",
        "category": "Logistic",
        "title": "One More Road Freight Solution",
        "link": "project-details"
    }
]
