[
    {
        "imageUrl": "/img/project/project-v2-img10.jpg",
        "category": "Ocean Freight",
        "title": "Transport for Product",
        "link": "#"
    },
    {
        "imageUrl": "/img/project/project-v2-img11.jpg",
        "category": "Ocean Freight",
        "title": "Transport for Product",
        "link": "#"
    },
    {
        "imageUrl": "/img/project/project-v2-img12.jpg",
        "category": "Ocean Freight",
        "title": "Transport for Product",
        "link": "#"
    },
    {
        "imageUrl": "/img/project/project-v2-img10.jpg",
        "category": "Ocean Freight",
        "title": "Transport for Product",
        "link": "#"
    }
]