[
  {
    "image": "/img/project/project-v3-img1.jpg",
    "iconClass": "icon-road-transport",
    "title": "Road Freight Solution",
    "link": "project-details",
    "description": "Logistic",
    "overlayIconClass": "icon-road-transport",
    "overlayLink": "project-details",
    "overlayLinkIconClass": "icon-right-arrow-5"
  },
  {
    "image": "/img/project/project-v3-img2.jpg",
    "iconClass": "icon-road-transport",
    "title": "Road Freight Solution",
    "link": "project-details",
    "description": "Logistic",
    "overlayIconClass": "icon-road-transport",
    "overlayLink": "project-details",
    "overlayLinkIconClass": "icon-right-arrow-5"
  },
  {
    "image": "/img/project/project-v3-img3.jpg",
    "iconClass": "icon-road-transport",
    "title": "Road Freight Solution",
    "link": "project-details",
    "description": "Logistic",
    "overlayIconClass": "icon-road-transport",
    "overlayLink": "project-details",
    "overlayLinkIconClass": "icon-right-arrow-5"
  },
  {
    "image": "/img/project/project-v3-img4.jpg",
    "iconClass": "icon-road-transport",
    "title": "Road Freight Solution",
    "link": "project-details",
    "description": "Logistic",
    "overlayIconClass": "icon-road-transport",
    "overlayLink": "project-details",
    "overlayLinkIconClass": "icon-right-arrow-5"
  },
  {
    "image": "/img/project/project-v3-img4.jpg",
    "iconClass": "icon-road-transport",
    "title": "Road Freight Solution",
    "link": "project-details",
    "description": "Logistic",
    "overlayIconClass": "icon-road-transport",
    "overlayLink": "project-details",
    "overlayLinkIconClass": "icon-right-arrow-5"
  }
]
