[
    {
      "image": "/img/service/service-v3-img1.jpg",
      "iconClass": "icon-road-transport t5",
      "title": "Road Transport",
      "link": "road-transport",
      "description": "Lorem ipsum dolor sit amet, consectetur adipiscing sed eiusmod",
      "count": "01"
    },
    {
      "image": "/img/service/service-v3-img2.jpg",
      "iconClass": "icon-ocean-freight1",
      "title": "Ocean Freight",
      "link": "ocean-freight",
      "description": "Lorem ipsum dolor sit amet, consectetur adipiscing sed eiusmod",
      "count": "02"
    },
    {
      "image": "/img/service/service-v3-img3.jpg",
      "iconClass": "icon-experience",
      "title": "Cargo Container",
      "link": "cargo-transport",
      "description": "Lorem ipsum dolor sit amet, consectetur adipiscing sed eiusmod",
      "count": "03"
    },
    {
      "image": "/img/service/service-v3-img2.jpg",
      "iconClass": "icon-ocean-freight1",
      "title": "Ocean Freight",
      "link": "ocean-freight",
      "description": "Lorem ipsum dolor sit amet, consectetur adipiscing sed eiusmod",
      "count": "02"
    }
]