[
  {
    "icon": "icon-global-network",
    "title": "Proven Experience",
    "description": "10+ years serving the elevator and engineering sector with trusted solutions for major brands worldwide."
  },
  {
    "icon": "icon-right-time-delivery",
    "title": "Quality First",
    "description": "ISO-compliant components with rigorous testing protocols to ensure reliability and safety in every part."
  },
  {
    "icon": "icon-support",
    "title": "Custom Solutions",
    "description": "Engineered to meet specific requirements, from unique architectural needs to complex retrofit projects."
  },
  {
    "icon": "icon-special-shipments",
    "title": "Technical Expertise",
    "description": "Certified engineers with deep knowledge of all major elevator systems and OEM specifications."
  },
  {
    "icon": "icon-enter-product-details",
    "title": "Responsive Support",
    "description": "Dedicated team available 24/7 to assist with installation, troubleshooting, and maintenance."
  },
  {
    "icon": "icon-esteemed-company",
    "title": "Industry Recognition",
    "description": "Preferred supplier for Many elevator contractors and maintenance companies globally."
  }
]
