[
  {
    "image": "/img/testimonial/testimonials-v2-img1.jpg",
    "name": "Helen Wilmore",
    "service": "Cargo Transport",
    "content": "Cargo transport is best porro quisquam Many desktop publishing packages and web page editors now use Lorem Ipsum."
  },
  {
    "image": "/img/testimonial/testimonials-v2-img2.jpg",
    "name": "Jhon Smith",
    "service": "Air Freight Services",
    "content": "Cargo transport is best porro quisquam Many desktop publishing packages and web page editors now use Lorem Ipsum."
  },
  {
    "image": "/img/testimonial/testimonials-v2-img3.jpg",
    "name": "Rebecca Tylor",
    "service": "Road Transport",
    "content": "Cargo transport is best porro quisquam Many desktop publishing packages and web page editors now use Lorem Ipsum."
  },
  {
    "image": "/img/testimonial/testimonials-v2-img3.jpg",
    "name": "Rebecca Tylor",
    "service": "Road Transport",
    "content": "Cargo transport is best porro quisquam Many desktop publishing packages and web page editors now use Lorem Ipsum."
  }
]
